{
    "$schema": "http://schema.management.azure.com/schemas/2014-04-01-preview/deploymentTemplate.json#",
    "contentVersion": "1.0.0.0",
    "parameters": {
        "accessPolicies": {
            "type": "array"
        },
        "serviceName": {
            "type": "string"
        },
        "offerThroughput": {
            "type": "int",
            "defaultValue": 1000,
            "allowedValues": [1000],
            "metadata": {
                "description": "CosmosDB throughput"
            }
        },
        "audience": {
            "type": "string",
            "metadata": {
                "description": "OAuth Audience"
            }
        },
        "authority": {
            "type": "string",
            "metadata": {
                "description": "OAuth Authority"
            }
        },
        "smartProxyEnabled": {
            "type": "bool",
            "defaultValue": false,
            "metadata": {
                "description": "Enable SMART on FHIR AAD proxy"
            }
        }
    },
    "resources": [
        {
            "type": "Microsoft.HealthcareApis/services",
            "kind": "fhir",
            "name": "[parameters('serviceName')]",
            "apiVersion": "2018-08-20-preview",
            "location": "[resourceGroup().location]",
            "tags": {},
            "properties": {
                "accessPolicies": "[parameters('accessPolicies')]",
                "authenticationConfiguration": {
                    "audience": "[parameters('audience')]",
                    "authority": "[parameters('authority')]",
                    "smartProxyEnabled": "[parameters('smartProxyEnabled')]"
                },
                "cosmosDbConfiguration": {
                    "offerThroughput": "[parameters('offerThroughput')]"
                }
            }
        }
    ]
}
